method_name,size,time
DT,100,1777592057.4258754
DT,500,1777592057.4265087
DT,1000,1777592057.4265049
DT,5000,1777592057.4260798
DT,10000,1777592057.425833
DT,100,1777592057.426473
DT,500,1777592057.4265077
DT,1000,1777592057.4264033
DT,5000,1777592057.4261918
DT,10000,1777592057.4249744
DT,100,1777592057.426227
DT,500,1777592057.4262972
DT,1000,1777592057.4264235
DT,5000,1777592057.426136
DT,10000,1777592057.4239955
DT,100,1777592057.4263282
DT,500,1777592057.4264529
DT,1000,1777592057.426456
DT,5000,1777592057.426152
DT,10000,1777592057.4252722
DT,100,1777592057.4265177
DT,500,1777592057.4265244
DT,1000,1777592057.426508
DT,5000,1777592057.4259703
DT,10000,1777592057.4257507
DT_LDA,100,1777592057.4264593
DT_LDA,500,1777592057.4264617
DT_LDA,1000,1777592057.426419
DT_LDA,5000,1777592057.4260166
DT_LDA,10000,1777592057.4245446
DT_LDA,100,1777592057.4264858
DT_LDA,500,1777592057.4264884
DT_LDA,1000,1777592057.4263947
DT_LDA,5000,1777592057.4259503
DT_LDA,10000,1777592057.4251733
DT_LDA,100,1777592057.4265053
DT_LDA,500,1777592057.4264863
DT_LDA,1000,1777592057.426437
DT_LDA,5000,1777592057.426012
DT_LDA,10000,1777592057.4254515
DT_LDA,100,1777592057.4265277
DT_LDA,500,1777592057.426506
DT_LDA,1000,1777592057.4264479
DT_LDA,5000,1777592057.4260364
DT_LDA,10000,1777592057.4254186
DT_LDA,100,1777592057.4265227
DT_LDA,500,1777592057.4264877
DT_LDA,1000,1777592057.4264507
DT_LDA,5000,1777592057.426072
DT_LDA,10000,1777592057.4254303
DT_LDA,100,1777592057.4265344
DT_LDA,500,1777592057.4264915
DT_LDA,1000,1777592057.4264517
DT_LDA,5000,1777592057.4260592
DT_LDA,10000,1777592057.4252698
DT_LDA,100,1777592057.4265254
DT_LDA,500,1777592057.4265056
DT_LDA,1000,1777592057.426433
DT_LDA,5000,1777592057.4260182
DT_LDA,10000,1777592057.4255335
DT_LDA,100,1777592057.4265301
DT_LDA,500,1777592057.426508
DT_LDA,1000,1777592057.426448
DT_LDA,5000,1777592057.4260368
DT_LDA,10000,1777592057.425603
DT_LDA,100,1777592057.4264288
DT_LDA,500,1777592057.426493
DT_LDA,1000,1777592057.4264312
DT_LDA,5000,1777592057.4260602
DT_LDA,10000,1777592057.4252992
DT_LDA,100,1777592057.426526
DT_LDA,500,1777592057.4264915
DT_LDA,1000,1777592057.4264476
DT_LDA,5000,1777592057.4260812
DT_LDA,10000,1777592057.4255083
DT_LDA,100,1777592057.4263175
DT_LDA,500,1777592057.426494
DT_LDA,1000,1777592057.4264464
DT_LDA,5000,1777592057.4260573
DT_LDA,10000,1777592057.4255786
DT_LDA,100,1777592057.4265327
DT_LDA,500,1777592057.4264998
DT_LDA,1000,1777592057.4264197
DT_LDA,5000,1777592057.425852
DT_LDA,10000,1777592057.4255815
DT_LDA,100,1777592057.4262617
DT_LDA,500,1777592057.4264896
DT_LDA,1000,1777592057.426426
DT_LDA,5000,1777592057.4260716
DT_LDA,10000,1777592057.4254868
DT_LDA,100,1777592057.4265282
DT_LDA,500,1777592057.4265034
DT_LDA,1000,1777592057.4264426
DT_LDA,5000,1777592057.426087
DT_LDA,10000,1777592057.4255278
DT_LDA,100,1777592057.426525
DT_LDA,500,1777592057.4265046
DT_LDA,1000,1777592057.4264514
DT_LDA,5000,1777592057.42589
DT_LDA,10000,1777592057.4253056
DT_LDA,100,1777592057.426521
DT_LDA,500,1777592057.4264991
DT_LDA,1000,1777592057.4264457
DT_LDA,5000,1777592057.426046
DT_LDA,10000,1777592057.4254782
DT_LDA,100,1777592057.4265277
DT_LDA,500,1777592057.4265022
DT_LDA,1000,1777592057.426452
DT_LDA,5000,1777592057.4260862
DT_LDA,10000,1777592057.4253542
DT_LDA,100,1777592057.4264843
DT_LDA,500,1777592057.4264982
DT_LDA,1000,1777592057.4264474
DT_LDA,5000,1777592057.4260592
DT_LDA,10000,1777592057.4254756
DT_LDA,100,1777592057.4265351
DT_LDA,500,1777592057.4265
DT_LDA,1000,1777592057.4264538
DT_LDA,5000,1777592057.4260604
DT_LDA,10000,1777592057.425444
DT_LDA,100,1777592057.4264874
DT_LDA,500,1777592057.4264722
DT_LDA,1000,1777592057.4264307
DT_LDA,5000,1777592057.4260197
DT_LDA,10000,1777592057.4254758
DT_PCA,100,1777592057.4264019
DT_PCA,500,1777592057.4264195
DT_PCA,1000,1777592057.4263103
DT_PCA,5000,1777592057.4258456
DT_PCA,10000,1777592057.4249573
DT_PCA,100,1777592057.4264662
DT_PCA,500,1777592057.426452
DT_PCA,1000,1777592057.4263966
DT_PCA,5000,1777592057.4257898
DT_PCA,10000,1777592057.4251225
DT_PCA,100,1777592057.426498
DT_PCA,500,1777592057.426456
DT_PCA,1000,1777592057.4264092
DT_PCA,5000,1777592057.425908
DT_PCA,10000,1777592057.4252138
DT_PCA,100,1777592057.4265013
DT_PCA,500,1777592057.426454
DT_PCA,1000,1777592057.4263124
DT_PCA,5000,1777592057.4258962
DT_PCA,10000,1777592057.425359
DT_PCA,100,1777592057.4265137
DT_PCA,500,1777592057.4264703
DT_PCA,1000,1777592057.426375
DT_PCA,5000,1777592057.4259179
DT_PCA,10000,1777592057.4253266
DT_PCA,100,1777592057.4265115
DT_PCA,500,1777592057.4264736
DT_PCA,1000,1777592057.4263837
DT_PCA,5000,1777592057.4259453
DT_PCA,10000,1777592057.4250765
DT_PCA,100,1777592057.4264867
DT_PCA,500,1777592057.426449
DT_PCA,1000,1777592057.426359
DT_PCA,5000,1777592057.4259303
DT_PCA,10000,1777592057.4247997
DT_PCA,100,1777592057.4264805
DT_PCA,500,1777592057.4264593
DT_PCA,1000,1777592057.4263582
DT_PCA,5000,1777592057.4258876
DT_PCA,10000,1777592057.4250844
DT_PCA,100,1777592057.4264615
DT_PCA,500,1777592057.4264433
DT_PCA,1000,1777592057.4263713
DT_PCA,5000,1777592057.4257455
DT_PCA,10000,1777592057.4253974
DT_PCA,100,1777592057.4265103
DT_PCA,500,1777592057.426474
DT_PCA,1000,1777592057.4264257
DT_PCA,5000,1777592057.4259
DT_PCA,10000,1777592057.4251988
DT_PCA,100,1777592057.4265156
DT_PCA,500,1777592057.4264684
DT_PCA,1000,1777592057.4264145
DT_PCA,5000,1777592057.4258173
DT_PCA,10000,1777592057.4253666
DT_PCA,100,1777592057.4265194
DT_PCA,500,1777592057.4264662
DT_PCA,1000,1777592057.4263847
DT_PCA,5000,1777592057.4258342
DT_PCA,10000,1777592057.4251788
DT_PCA,100,1777592057.4265034
DT_PCA,500,1777592057.4264576
DT_PCA,1000,1777592057.4263728
DT_PCA,5000,1777592057.4258738
DT_PCA,10000,1777592057.4251218
DT_PCA,100,1777592057.4265094
DT_PCA,500,1777592057.4264386
DT_PCA,1000,1777592057.4262915
DT_PCA,5000,1777592057.4258256
DT_PCA,10000,1777592057.4251087
DT_PCA,100,1777592057.4264896
DT_PCA,500,1777592057.4264445
DT_PCA,1000,1777592057.4263875
DT_PCA,5000,1777592057.4258692
DT_PCA,10000,1777592057.4250565
DT_PCA,100,1777592057.426478
DT_PCA,500,1777592057.4264374
DT_PCA,1000,1777592057.4263828
DT_PCA,5000,1777592057.425708
DT_PCA,10000,1777592057.4250824
DT_PCA,100,1777592057.4265115
DT_PCA,500,1777592057.4264562
DT_PCA,1000,1777592057.4264162
DT_PCA,5000,1777592057.4257565
DT_PCA,10000,1777592057.425153
DT_PCA,100,1777592057.4265134
DT_PCA,500,1777592057.426462
DT_PCA,1000,1777592057.4264195
DT_PCA,5000,1777592057.4253857
DT_PCA,10000,1777592057.425244
DT_PCA,100,1777592057.4265072
DT_PCA,500,1777592057.4264266
DT_PCA,1000,1777592057.4264145
DT_PCA,5000,1777592057.4258826
DT_PCA,10000,1777592057.425317
DT_PCA,100,1777592057.4265137
DT_PCA,500,1777592057.4264736
DT_PCA,1000,1777592057.4263778
DT_PCA,5000,1777592057.4259381
DT_PCA,10000,1777592057.4253414
Random_Forest,100,1777592057.4125643
Random_Forest,500,1777592057.4137716
Random_Forest,1000,1777592057.413986
Random_Forest,5000,1777592057.4138649
Random_Forest,10000,1777592057.4029148
Random_Forest,100,1777592057.413404
Random_Forest,500,1777592057.4145129
Random_Forest,1000,1777592057.4141452
Random_Forest,5000,1777592057.4029036
Random_Forest,10000,1777592057.4027827
Random_Forest,100,1777592057.413892
Random_Forest,500,1777592057.4140332
Random_Forest,1000,1777592057.4139194
Random_Forest,5000,1777592057.4140346
Random_Forest,10000,1777592057.402975
Random_Forest,100,1777592057.4138832
Random_Forest,500,1777592057.4137418
Random_Forest,1000,1777592057.4141223
Random_Forest,5000,1777592057.4141803
Random_Forest,10000,1777592057.402309
Random_Forest,100,1777592057.4134479
Random_Forest,500,1777592057.4135077
Random_Forest,1000,1777592057.4139166
Random_Forest,5000,1777592057.4136364
Random_Forest,10000,1777592057.4024796
Random_Forest,100,1777592057.4140005
Random_Forest,500,1777592057.4142044
Random_Forest,1000,1777592057.4139175
Random_Forest,5000,1777592057.4026985
Random_Forest,10000,1777592057.402482
Random_Forest,100,1777592057.4139798
Random_Forest,500,1777592057.4141233
Random_Forest,1000,1777592057.4138932
Random_Forest,5000,1777592057.4137468
Random_Forest,10000,1777592057.4027328
Random_Forest,100,1777592057.4141684
Random_Forest,500,1777592057.4023438
Random_Forest,1000,1777592057.4136465
Random_Forest,5000,1777592057.4027364
Random_Forest,10000,1777592057.4016082
Random_Forest,100,1777592057.4015057
Random_Forest,500,1777592057.413778
Random_Forest,1000,1777592057.4115956
Random_Forest,5000,1777592057.396864
Random_Forest,10000,1777592057.40179
Random_Forest,100,1777592057.4138196
Random_Forest,500,1777592057.4140854
Random_Forest,1000,1777592057.414155
Random_Forest,5000,1777592057.4031475
Random_Forest,10000,1777592057.4024205
Random_Forest,100,1777592057.4139657
Random_Forest,500,1777592057.414449
Random_Forest,1000,1777592057.4137588
Random_Forest,5000,1777592057.4024334
Random_Forest,10000,1777592057.4026473
Random_Forest,100,1777592057.4135313
Random_Forest,500,1777592057.414474
Random_Forest,1000,1777592057.4138417
Random_Forest,5000,1777592057.4136891
Random_Forest,10000,1777592057.4019804
Random_Forest,100,1777592057.414041
Random_Forest,500,1777592057.4140909
Random_Forest,1000,1777592057.413628
Random_Forest,5000,1777592057.4013343
Random_Forest,10000,1777592057.4016585
Random_Forest,100,1777592057.4146323
Random_Forest,500,1777592057.4146104
Random_Forest,1000,1777592057.413962
Random_Forest,5000,1777592057.4025328
Random_Forest,10000,1777592057.4020112
Random_Forest,100,1777592057.4141145
Random_Forest,500,1777592057.414115
Random_Forest,1000,1777592057.4148953
Random_Forest,5000,1777592057.413831
Random_Forest,10000,1777592057.4029305
Random_Forest,100,1777592057.4140072
Random_Forest,500,1777592057.4141324
Random_Forest,1000,1777592057.414148
Random_Forest,5000,1777592057.4143693
Random_Forest,10000,1777592057.4027884
Random_Forest,100,1777592057.4138067
Random_Forest,500,1777592057.4139924
Random_Forest,1000,1777592057.4144008
Random_Forest,5000,1777592057.4021595
Random_Forest,10000,1777592057.4018743
Random_Forest,100,1777592057.4140842
Random_Forest,500,1777592057.413839
Random_Forest,1000,1777592057.4149547
Random_Forest,5000,1777592057.4028468
Random_Forest,10000,1777592057.4021122
Random_Forest,100,1777592057.4143803
Random_Forest,500,1777592057.4114106
Random_Forest,1000,1777592057.4144418
Random_Forest,5000,1777592057.4022994
Random_Forest,10000,1777592057.4013793
Random_Forest,100,1777592057.4146492
Random_Forest,500,1777592057.4135864
Random_Forest,1000,1777592057.4135551
Random_Forest,5000,1777592057.4023514
Random_Forest,10000,1777592057.4026535
Logistic_regression,100,1777592057.425818
Logistic_regression,500,1777592057.42631
Logistic_regression,1000,1777592057.4258816
Logistic_regression,5000,1777592057.4252124
Logistic_regression,10000,1777592057.424178
Logistic_regression,100,1777592057.4263828
Logistic_regression,500,1777592057.426375
Logistic_regression,1000,1777592057.4262702
Logistic_regression,5000,1777592057.425295
Logistic_regression,10000,1777592057.4229546
Logistic_regression,100,1777592057.4261446
Logistic_regression,500,1777592057.4263618
Logistic_regression,1000,1777592057.4260824
Logistic_regression,5000,1777592057.4253638
Logistic_regression,10000,1777592057.4243636
Logistic_regression,100,1777592057.4264157
Logistic_regression,500,1777592057.4263012
Logistic_regression,1000,1777592057.4258893
Logistic_regression,5000,1777592057.4253635
Logistic_regression,10000,1777592057.4243884
Logistic_regression,100,1777592057.426413
Logistic_regression,500,1777592057.4263651
Logistic_regression,1000,1777592057.4258287
Logistic_regression,5000,1777592057.4252067
Logistic_regression,10000,1777592057.4235892
Logistic_regression,100,1777592057.4263642
Logistic_regression,500,1777592057.4263456
Logistic_regression,1000,1777592057.4262674
Logistic_regression,5000,1777592057.4255354
Logistic_regression,10000,1777592057.4241376
Logistic_regression,100,1777592057.4263844
Logistic_regression,500,1777592057.4263463
Logistic_regression,1000,1777592057.4262602
Logistic_regression,5000,1777592057.4248698
Logistic_regression,10000,1777592057.4244645
Logistic_regression,100,1777592057.4263325
Logistic_regression,500,1777592057.425839
Logistic_regression,1000,1777592057.4261143
Logistic_regression,5000,1777592057.424712
Logistic_regression,10000,1777592057.4238663
Logistic_regression,100,1777592057.425915
Logistic_regression,500,1777592057.4263341
Logistic_regression,1000,1777592057.4262495
Logistic_regression,5000,1777592057.4255126
Logistic_regression,10000,1777592057.4235501
Logistic_regression,100,1777592057.4255245
Logistic_regression,500,1777592057.4255896
Logistic_regression,1000,1777592057.4261832
Logistic_regression,5000,1777592057.4252565
Logistic_regression,10000,1777592057.4229295
Logistic_regression,100,1777592057.426158
Logistic_regression,500,1777592057.425972
Logistic_regression,1000,1777592057.4257126
Logistic_regression,5000,1777592057.4251988
Logistic_regression,10000,1777592057.422452
Logistic_regression,100,1777592057.4262884
Logistic_regression,500,1777592057.4262984
Logistic_regression,1000,1777592057.4262438
Logistic_regression,5000,1777592057.4253707
Logistic_regression,10000,1777592057.423055
Logistic_regression,100,1777592057.4261668
Logistic_regression,500,1777592057.4263325
Logistic_regression,1000,1777592057.4262397
Logistic_regression,5000,1777592057.4255087
Logistic_regression,10000,1777592057.424524
Logistic_regression,100,1777592057.4263384
Logistic_regression,500,1777592057.426201
Logistic_regression,1000,1777592057.4261954
Logistic_regression,5000,1777592057.4254236
Logistic_regression,10000,1777592057.4239647
Logistic_regression,100,1777592057.4263802
Logistic_regression,500,1777592057.426354
Logistic_regression,1000,1777592057.4262314
Logistic_regression,5000,1777592057.4251478
Logistic_regression,10000,1777592057.423725
Logistic_regression,100,1777592057.4263473
Logistic_regression,500,1777592057.426349
Logistic_regression,1000,1777592057.4262645
Logistic_regression,5000,1777592057.4254274
Logistic_regression,10000,1777592057.424362
Logistic_regression,100,1777592057.4264216
Logistic_regression,500,1777592057.426329
Logistic_regression,1000,1777592057.4262433
Logistic_regression,5000,1777592057.4250941
Logistic_regression,10000,1777592057.4243116
Logistic_regression,100,1777592057.4263625
Logistic_regression,500,1777592057.4263232
Logistic_regression,1000,1777592057.4262288
Logistic_regression,5000,1777592057.425556
Logistic_regression,10000,1777592057.424171
Logistic_regression,100,1777592057.4261615
Logistic_regression,500,1777592057.426363
Logistic_regression,1000,1777592057.4262187
Logistic_regression,5000,1777592057.4249277
Logistic_regression,10000,1777592057.4244485
Logistic_regression,100,1777592057.4264288
Logistic_regression,500,1777592057.4263785
Logistic_regression,1000,1777592057.4261925
Logistic_regression,5000,1777592057.4254868
Logistic_regression,10000,1777592057.4236906
