id,type,content
21,research,"Abstract: This study examines the effects of fine-tuning on large language models with respect to factual accuracy, coherence, and domain specificity. While fine-tuning is widely used to adapt models to particular tasks, its broader implications for reliability remain underexplored.

Introduction: Fine-tuning involves additional training on a targeted dataset after pretraining. It is often assumed to improve performance, but the extent and nature of this improvement vary. This paper investigates whether fine-tuning reduces factual errors or merely increases confidence in generated outputs.

Methodology: Multiple models were fine-tuned on domain-specific corpora, including medical, legal, and technical datasets. Performance was evaluated using a combination of benchmark tests and human assessment.

Results: Fine-tuning improved domain-specific vocabulary usage and structural coherence. However, factual accuracy showed only modest improvement. In some cases, models produced more confident but still incorrect statements.

Discussion: These findings suggest that fine-tuning enhances fluency more than correctness. Users may perceive outputs as more reliable due to improved style, even when accuracy is unchanged.

Conclusion: Fine-tuning should be complemented with verification mechanisms to ensure reliability in high-stakes applications.

Keywords: fine-tuning, language models, accuracy, AI evaluation."
22,story,"The musician first noticed the silence when it began to hum.

It was not an absence of sound, but something else—something structured, almost melodic. Sitting alone in his apartment, he heard it between notes, in the spaces where music should have ended.

At first, he dismissed it as imagination. But the hum persisted, growing more distinct over time. It carried patterns, rhythms that seemed intentional.

He began to transcribe it.

Using a notebook, he wrote down the sequences as best he could, translating the intangible into notation. When he played it back on his piano, the result was unlike anything he had composed before.

The melody was incomplete, yet compelling.

Driven by curiosity, he continued listening, capturing more fragments. Each addition brought the composition closer to coherence.

Eventually, he performed the piece publicly.

The audience reacted in unexpected ways. Some were moved to tears, others appeared unsettled. A few left the room entirely.

After the performance, a woman approached him.

“I’ve heard that before,” she said.

“Where?” he asked.

“In dreams,” she replied.

The musician realized that the melody did not belong to him. It existed independently, waiting to be discovered.

He continued his work, no longer composing in the traditional sense, but uncovering what was already there.

The silence, once empty, had become a source of endless possibility."
23,op-ed,"Climate policy is often framed in terms of environmental necessity, emphasizing the urgency of reducing emissions and mitigating ecological damage. While these goals are essential, focusing solely on environmental outcomes overlooks a critical dimension: economic inequality.

Policies designed to address climate change can have uneven impacts across different populations. For example, carbon taxes may disproportionately affect lower-income households, who spend a larger share of their income on energy and transportation. Without careful design, such policies risk exacerbating existing inequalities.

Conversely, climate initiatives also present opportunities for addressing inequality. Investments in renewable energy, public transportation, and sustainable infrastructure can create jobs and improve access to essential services. However, realizing these benefits requires intentional planning and inclusive policymaking.

A holistic approach to climate policy must therefore consider both environmental and social outcomes. This includes mechanisms for redistributing costs and benefits, such as subsidies, tax credits, and targeted investments in underserved communities.

Public support is also influenced by perceptions of fairness. Policies that are seen as equitable are more likely to gain acceptance and be sustained over time.

Ultimately, addressing climate change is not just a technical challenge but a social one. Integrating considerations of equity into policy design is essential for achieving both environmental and societal goals."
24,research,"Abstract: This paper investigates token efficiency in compressed language models, focusing on how reduced parameter counts affect performance across tasks.

Introduction: As demand for efficient AI systems grows, compressed models have gained attention. However, reducing model size may impact the ability to utilize tokens effectively.

Methodology: We compared compressed and full-scale models across tasks involving summarization, translation, and reasoning. Token usage patterns were analyzed to assess efficiency.

Results: Compressed models demonstrated higher token efficiency in simple tasks but struggled with complex reasoning, often requiring more tokens to achieve similar results.

Discussion: The trade-off between size and capability is evident. While compression improves efficiency, it may limit flexibility.

Conclusion: Optimizing token efficiency requires balancing model size with task complexity.

Keywords: token efficiency, model compression, language models."
25,story,"The cat had always been unusual, but it was not until the third incident that Maya began to suspect something more.

The first time, it was a small thing. The cat waited by the door moments before a visitor arrived, as if anticipating the knock. The second time, it avoided a falling object seconds before it slipped from a shelf.

The third time was undeniable.

Maya had planned a trip, one she had not mentioned to anyone. As she packed her bag, the cat sat on top of it, refusing to move. Its gaze was fixed, almost insistent.

Something about the moment unsettled her. She hesitated, then checked her phone.

A notification appeared—her flight had been canceled due to unforeseen circumstances.

From that point on, Maya paid closer attention. The cat seemed to react to events before they occurred, positioning itself in ways that suggested foresight.

She began to test it, making small changes to her routine. Each time, the cat adjusted accordingly, as if aware of the outcome.

The implications were difficult to accept. Was the cat predicting the future, or influencing it?

Maya never found a definitive answer. But she learned to trust the cat’s instincts, even when they contradicted her own.

In time, she realized that the cat’s presence had changed her behavior. She became more cautious, more attentive.

Whether the cat knew the future or simply perceived it differently, one thing was certain: it saw something she could not."
26,op-ed,"Art has long been considered a uniquely human endeavor, rooted in emotion, experience, and subjective interpretation. As artificial intelligence systems begin to produce increasingly sophisticated artistic outputs, this assumption is being challenged.

AI-generated art raises fundamental questions about creativity. If a system can produce works that evoke emotional responses, does it qualify as creative? Or is it merely replicating patterns derived from human input?

One perspective is that creativity lies not in the artifact itself but in the process behind it. Human artists draw from lived experience, cultural context, and personal intention. AI systems, by contrast, operate through statistical associations and pattern recognition.

However, this distinction may be less clear than it appears. Human creativity is also influenced by prior exposure and learned patterns. The difference may be one of degree rather than kind.

The rise of AI art also has practical implications. It challenges traditional notions of authorship and ownership, raising questions about intellectual property and compensation.

Ultimately, the debate is not about whether AI can create art, but about how we define creativity. As technology continues to evolve, these definitions may need to be reconsidered."
27,research,"Abstract: This study compares supervised learning and reinforcement learning approaches in language model training.

Introduction: Both supervised and reinforcement learning play critical roles in AI development. Understanding their relative strengths and limitations is essential for optimizing model performance.

Methodology: Models were trained using each approach and evaluated across tasks requiring accuracy, adaptability, and coherence.

Results: Supervised learning provided strong baseline performance, while reinforcement learning improved adaptability in dynamic tasks.

Discussion: Combining both approaches may offer the best results.

Conclusion: Hybrid training methods represent a promising direction for future research.

Keywords: supervised learning, reinforcement learning, AI training."
28,story,"The clockmaker was known for precision, his work admired for its accuracy and craftsmanship. But his most unusual creation was not displayed in his shop.

It was a small watch, unremarkable in appearance. Yet it possessed a unique property: once each day, it paused time for exactly one second.

The clockmaker discovered this by accident. While testing the mechanism, he noticed a discrepancy—a moment that seemed to stretch beyond its duration.

Intrigued, he conducted experiments. Each day, at the same time, the watch would halt the flow of time, creating a brief interval in which he alone could move.

At first, he used the moment for trivial tasks—adjusting tools, observing details. But over time, he began to see its potential.

A single second, repeated daily, accumulated into something more.

He used it to refine his work, achieving levels of precision previously impossible. His reputation grew, though no one understood the true source of his skill.

Yet the power came with limitations. The moment was fleeting, and its boundaries absolute.

The clockmaker began to wonder what could be achieved with more time.

He attempted to replicate the effect, to extend the duration. But the watch resisted modification.

In the end, he accepted its constraints.

The single second remained his secret—a small advantage, used carefully.

Over a lifetime, it changed everything."
29,op-ed,"Privacy has increasingly been reframed as a luxury rather than a fundamental right. In a digital environment where data is continuously collected and analyzed, maintaining privacy often requires resources—time, knowledge, and sometimes financial investment.

This shift has significant implications. Individuals with greater means can afford tools and services that enhance privacy, while others may have limited options. The result is an uneven distribution of control over personal information.

At the same time, convenience often comes at the expense of privacy. Many services rely on data collection to function effectively, creating a trade-off that users must navigate.

Addressing this issue requires a combination of policy and design. Regulations can establish baseline protections, while technological solutions can provide more accessible options for users.

Ultimately, privacy should not be contingent on individual capacity. Ensuring equitable access to privacy is essential in a data-driven world."
30,research,"Abstract: This paper analyzes user perception of AI-generated empathy in conversational systems.

Introduction: Empathy is a key component of human interaction. As AI systems increasingly engage with users in conversational contexts, the ability to simulate empathy becomes important.

Methodology: Participants interacted with AI systems designed to exhibit varying levels of empathetic behavior. Responses were evaluated based on perceived authenticity and effectiveness.

Results: Higher levels of simulated empathy were associated with increased user satisfaction, even when users were aware that the system was artificial.

Discussion: These findings suggest that perceived empathy can enhance user experience, but raise ethical considerations regarding authenticity.

Conclusion: Balancing empathetic interaction with transparency is essential for responsible AI design.

Keywords: empathy, conversational AI, user perception."